0,4,1,46152.10,0,1655586063,morph global metrics,Start size himself arrive although. Gas kid rise price employee.
1,7,1,44012.20,0,1652417894,monetize vertical convergence,Around piece government make article drop actually. At artist will institution throughout describe.
2,7,1,28522.18,1,1662755429,seize extensible ROI,Him important enough most save rather. Service north but west commercial may perform.
3,4,1,43383.65,0,1652651189,e-enable B2B infrastructures,Style star east against southern. Sea stuff no response.
4,3,0,27995.76,0,1650063771,transform ubiquitous eyeballs,Always future scene heavy personal threat many group. Leader medical class send.
5,7,1,22127.34,0,1655153102,exploit rich interfaces,Morning explain light alone mother.
6,8,3,36182.33,2,1658039751,re-contextualize robust bandwidth,Identify many again science. Effect quite reflect.
7,9,3,18990.87,2,1659726900,engineer best-of-breed deliverables,History strong economy break word source. Only result race government trouble.
8,11,5,10030.42,2,1650590187,iterate value-added applications,Choose general fact fall manager idea issue.
9,9,5,11143.00,2,1650068083,generate B2B networks,Call upon we lose water stand.
10,9,3,16882.95,2,1655863902,re-intermediate dynamic partnerships,Everything store morning as police often. Place myself his itself find add sing.
11,11,3,47049.35,2,1654475002,morph turn-key supply-chains,Social suddenly seek choice produce type.
12,8,3,36915.49,2,1659915026,disintermediate plug-and-play paradigms,Pm sometimes set tonight gun word. Quite piece physical market.
13,10,4,47901.94,2,1662470281,incentivize web-enabled niches,Back large season last meeting southern.
14,11,3,46202.12,2,1654521021,aggregate frictionless systems,Play wait education think similar particular.
15,10,4,5939.39,2,1662989103,utilize rich synergies,Several hit simple personal home.
16,9,5,2517.74,2,1663217635,target synergistic networks,Report foreign agency list miss among not.
17,11,5,22769.46,2,1658360459,implement innovative solutions,Likely fire subject west agent hotel by.
18,8,5,41652.35,2,1658946386,deploy B2B metrics,Term memory clear throughout treat relate.
19,8,3,46941.97,2,1652098704,drive revolutionary deliverables,Reality recently hold conference son spend ball.
20,8,3,11431.33,2,1660715795,aggregate back-end vortals,Military lead travel series large.
21,8,5,10015.04,2,1662699969,whiteboard virtual experiences,Time firm water. Possible lead draw learn city.
22,10,4,21867.83,2,1654706466,enable collaborative schemas,Bar military able simple billion parent now.
23,8,5,22007.48,2,1661330299,deliver bricks-and-clicks functionalities,First age safe affect.
24,9,4,39811.24,2,1657853900,integrate transparent experiences,Someone treatment over some collection.
25,8,5,5073.52,2,1648408489,streamline visionary convergence,Series public none sound include air sort couple. Ask benefit ago again identify real.
26,11,4,894.41,2,1654674520,target rich info-mediaries,Movie I situation.
27,10,5,17186.03,2,1658930701,visualize mission-critical infrastructures,Western likely almost training personal expert. A front war.
28,8,5,45611.18,2,1661707202,leverage virtual communities,Foreign agency when personal huge difficult player forget.
29,12,6,15609.45,3,1655547694,enhance granular e-markets,Theory case north add us accept. Responsibility commercial chance agent follow about.
30,13,6,3093.99,3,1660701436,re-contextualize one-to-one networks,Sing purpose here ago. Nothing rather represent two hair describe.
31,12,6,26239.09,3,1649079618,enable transparent networks,It job likely different. Drive loss turn attorney education every.
32,13,6,34510.47,3,1656744016,incubate vertical metrics,Theory everybody particularly test hospital personal move. Certain hotel should.
33,15,6,47906.50,3,1654649161,brand sticky bandwidth,Claim future in opportunity you exist me. Generation pick she picture send cultural.
34,12,6,16884.22,3,1651950142,drive world-class technologies,Fact issue radio. Heart decade care book ground.
35,15,6,2046.55,3,1661550408,maximize impactful bandwidth,Sing nation network college.
36,13,6,13596.21,3,1660979508,enhance proactive deliverables,Ground think save respond friend budget while.
37,15,6,26795.98,3,1662474326,cultivate back-end communities,Maybe forward reason treatment worker season figure they. Get we memory who yet spend.
38,13,6,44789.19,3,1649890713,orchestrate clicks-and-mortar applications,Blood single recently other owner message entire. Collection be along break gun reveal five put.
39,15,6,24188.74,3,1656827804,scale dot-com web services,Two no still back task. Ago poor coach year.
40,15,6,26797.77,3,1652065369,repurpose best-of-breed systems,Again care hold those north. Upon beautiful open free medical lay.
41,15,6,31453.79,3,1660730179,transform real-time mindshare,Population line Congress must city system story. Lead while long not.
42,14,6,26868.71,3,1654407917,evolve back-end info-mediaries,Father growth behind probably.
43,12,6,3716.85,3,1655359710,enable 24/365 synergies,Next sense make real use nice.
44,16,7,22481.12,4,1655690087,innovate clicks-and-mortar action-items,Stuff find different many water meeting future.
45,19,7,5079.39,4,1650927809,maximize cutting-edge e-services,Team certainly explain current simply process. Executive partner story budget great than.
46,22,7,14984.83,4,1650096431,unleash out-of-the-box functionalities,Everyone win should research executive black. Building child usually sea upon.
47,19,7,22157.63,4,1659373633,enhance one-to-one methodologies,Let left very your stock determine. Maybe main fire range begin first.
48,20,8,14901.55,4,1654623637,streamline revolutionary e-markets,Customer force both something hair.
49,20,8,15317.05,4,1662928896,implement enterprise users,Bring painting various current.
50,16,8,48566.59,4,1655710903,aggregate clicks-and-mortar deliverables,At computer doctor up high southern. Decision wish among west agreement girl.
51,17,7,24082.43,4,1660126863,innovate ubiquitous experiences,Military edge billion billion agency center sign career.
52,17,7,13571.73,4,1655976985,repurpose turn-key solutions,Matter nice really listen meeting language condition. Fund indicate help north friend state do.
53,20,7,16283.44,4,1650215177,syndicate transparent web-readiness,Need when simple. Involve education little direction exist.
54,17,8,42814.62,4,1662560044,expedite B2C deliverables,Feel military pull watch choice.
55,17,8,2404.42,4,1662513003,cultivate granular bandwidth,In court hospital skin soon. Thought radio minute rich consumer type.
56,16,7,46699.76,4,1658593188,benchmark user-centric eyeballs,Together number degree kid drug toward such. Room a artist drug them particular produce.
57,18,8,7146.96,4,1662377687,mesh cutting-edge experiences,Management court head successful response hospital.
58,19,8,43465.40,4,1647856964,iterate plug-and-play partnerships,Senior seem west hour less.
59,20,8,35428.26,4,1660506447,productize out-of-the-box paradigms,Debate take one them in decision.
60,19,8,271.85,4,1661383296,enable holistic content,Mr bad wide manage address information serious. Base age speak pass tend.
61,16,7,38528.65,4,1659758313,disintermediate B2C bandwidth,Order everything stuff detail.
62,19,8,25169.95,4,1661389988,deliver cross-platform e-services,Very analysis firm once machine. Look floor role agency its professor while.
63,23,8,49914.18,4,1660687377,matrix proactive initiatives,All evening his gas health. Seat my arrive middle add.
64,16,7,32470.02,4,1653114573,whiteboard back-end supply-chains,Yet between night western serious edge.
65,19,8,6828.66,4,1647634374,optimize end-to-end models,Subject development best student describe concern professional.
66,21,7,15083.51,4,1647576649,aggregate visionary convergence,Result thus wind natural customer.
67,21,7,30522.40,4,1658670506,enable efficient schemas,Produce foreign the site.
68,22,8,21185.04,4,1654242064,evolve value-added technologies,Republican without mention get.
69,18,8,29431.11,4,1648256179,deploy transparent initiatives,Woman you company drop join recognize all structure.
70,23,8,41840.34,4,1649975329,optimize turn-key vortals,Any remain support realize cause. Argue home exactly different week treat mouth threat.
71,20,8,46416.15,4,1648561479,brand out-of-the-box communities,Discuss space himself. Ball better consumer campaign join.
72,20,7,49407.46,4,1648700576,mesh transparent initiatives,Matter environmental issue recently until. Remember take ground eat.
73,16,7,14503.38,4,1653365978,generate B2B ROI,Name Congress ten return understand. During nice thing ok.
74,20,7,11010.95,4,1660303089,incentivize seamless web-readiness,Artist cold measure defense mouth. Billion talk mouth tonight throw action section.
75,18,7,15927.95,4,1650132054,strategize customized methodologies,Win product election baby seven only.
76,16,7,48547.26,4,1653028937,iterate revolutionary markets,Really eat report to. Outside they eye out.
77,19,8,23016.85,4,1650835250,seize bricks-and-clicks content,Card look safe street current. Fund feeling cause stand visit red.
78,21,7,21749.44,4,1654583696,iterate enterprise interfaces,Receive may push serious successful country. Enter cold cell our series.
79,23,8,34847.99,4,1652553981,redefine collaborative supply-chains,Feeling trade money smile create either.
80,21,8,45309.08,4,1662840174,utilize 24/365 metrics,Without wall stay describe time.
81,19,8,40511.22,4,1652786702,redefine bricks-and-clicks e-business,Purpose prevent again.
82,21,8,10975.39,4,1650296451,transition web-enabled interfaces,Teach because it boy agent common. Mother good decade TV culture continue condition probably.
83,22,8,40090.75,4,1651736351,deliver transparent applications,Town approach today all positive. Maybe information forward trouble.
84,21,8,40575.24,4,1653135884,unleash leading-edge supply-chains,Without prevent ever with participant form.
85,17,7,42333.09,4,1652494458,target granular platforms,Next identify language provide parent. Short rather spend similar both significant.
86,19,7,12191.95,4,1656598411,syndicate distributed methodologies,Energy size play meeting movie avoid.
87,21,8,2680.77,4,1649700856,implement global initiatives,Six loss agree place cell reflect. See different decide trip total another site car.
88,19,7,47916.90,4,1658807123,monetize transparent interfaces,Sea knowledge my night. Popular open collection become.
89,20,8,30775.36,4,1657898070,empower dot-com e-tailers,Ten television model. Then police choice cell.
90,18,8,49919.64,4,1650033273,enable one-to-one supply-chains,Study form seem beat debate late.
91,16,7,44714.62,4,1660346740,syndicate strategic infrastructures,Himself idea lose international available despite. Stock memory challenge audience choose himself.
92,22,8,37041.14,4,1661169786,repurpose innovative deliverables,Few voice thank local option five prove.
93,24,9,40785.59,5,1653232241,deliver cross-media e-services,Rise sit hand. According off little happy short during agency.
94,28,9,33279.14,6,1647823521,integrate synergistic paradigms,Game magazine series think. Ability possible door pressure sea thought.
95,25,10,44788.92,5,1663220648,leverage revolutionary info-mediaries,Strategy receive rate oil. Trial religious your outside wish.
96,27,9,11364.78,5,1653544668,grow turn-key applications,Nothing tend pick mention hot happy. Drive effort drop onto until.
97,24,9,24383.58,5,1655364678,incentivize cross-platform e-business,During such either common relate others.
98,27,9,29287.61,5,1653506018,architect viral metrics,Eat soon must toward family event dark such. Room analysis what page clear newspaper.
99,27,9,5304.32,7,1660934366,deliver front-end models,Summer sea record recent approach trip. Free civil entire result.
100,27,9,28712.39,6,1656961691,engage next-generation info-mediaries,Watch bed bag wind physical. Wrong take old former run others believe.
101,27,10,36930.30,6,1651902486,utilize revolutionary platforms,Staff that report sign.
102,25,10,37733.78,6,1650066424,mesh 24/365 niches,Training opportunity difficult candidate.
103,27,10,14962.33,6,1652492185,synthesize seamless eyeballs,Daughter carry successful imagine weight. That admit Mrs look call.
104,24,9,48581.34,6,1648767936,evolve efficient metrics,Thus station science.
105,24,10,44266.00,7,1662273579,deploy end-to-end eyeballs,American five detail company first thing discuss. Push country glass evening much.
106,28,9,18528.27,6,1654952528,envisioneer impactful partnerships,Box operation prepare might catch that.
107,25,9,30200.18,5,1648250843,brand back-end users,School enter wind heavy.
108,26,9,3359.44,5,1658080671,e-enable integrated architectures,Sign Republican notice prevent. Pattern might offer indeed light.
109,26,9,25652.11,6,1656824411,transform wireless initiatives,See collection cut drive out image thought. Defense cup man course teacher message page.
110,28,10,36060.73,6,1651027988,mesh user-centric metrics,Pull likely piece small go. Reduce alone culture democratic radio.
111,24,9,459.18,7,1658331217,incentivize ubiquitous info-mediaries,Everybody power hot scene view today father provide.
112,24,10,40257.15,6,1660042854,transition rich relationships,Pressure discover carry TV drive adult executive military. School certainly meet floor right growth.
113,29,13,12557.25,8,1657371444,envisioneer cutting-edge experiences,Along kid explain product money store. Glass one then investment scientist bring citizen.
114,29,13,28930.68,8,1662540549,brand virtual paradigms,Of radio positive better management minute air.
115,30,12,46572.87,8,1663092426,exploit e-business bandwidth,Either none heavy down business state way sister.
116,29,13,10476.63,8,1662582555,visualize interactive synergies,Religious push the ten.
117,31,12,10115.97,8,1655361677,exploit virtual partnerships,Believe performance officer election information.
118,31,12,2719.90,8,1655791805,optimize B2B systems,Four PM hospital against fast drop.
119,30,13,5842.75,8,1651451476,drive B2B action-items,Laugh wind action economy official. Without represent resource pretty write under fear.
120,31,12,29173.83,8,1653438993,whiteboard real-time action-items,Be certain ago whom language.
121,29,13,41388.99,8,1651715383,revolutionize front-end mindshare,Life successful season crime study environment. Remain cup they enter identify participant.
122,30,12,17572.22,8,1649626857,scale value-added e-tailers,Remain team body all financial. Result court improve use while buy group return.
123,30,12,30957.56,8,1648405762,reinvent synergistic e-commerce,Half black because song capital administration. Teach hit lose hotel result instead push.
124,29,13,19420.76,8,1649423523,leverage seamless niches,Newspaper question a certain. Fund front suggest drug.
125,30,13,43873.73,8,1662578236,target back-end users,Hundred billion blue right fine boy sing.
126,31,13,6063.13,8,1661098932,incubate front-end markets,Range know close election.
127,31,11,45500.21,8,1652512917,grow proactive schemas,Whether beyond bar. Decade rich director population measure student.
128,30,11,12227.54,8,1650347407,whiteboard value-added applications,Do get finish pick shake level season tough. Evening clearly these tonight food age.
129,30,12,31081.79,8,1661672140,generate front-end methodologies,Word learn military.
130,30,13,11941.25,8,1660845729,transition integrated metrics,Card man throughout society theory happy culture. Attention yeah process rest really.
131,31,12,36303.51,8,1653212635,re-intermediate efficient e-tailers,Age local season school able pattern.
132,31,12,27451.57,8,1656652117,unleash front-end partnerships,Get poor herself population.
133,31,13,49906.81,8,1656251171,revolutionize bleeding-edge technologies,Network physical play pull child push. Truth house try thus should wide.
134,30,11,47302.76,8,1648015000,monetize collaborative schemas,Industry trial position college also. When financial race wrong discuss agency.
135,31,13,22207.19,8,1660468192,reinvent rich partnerships,Wall allow power condition.
136,31,12,42873.66,8,1653072625,redefine user-centric methodologies,Face key when also. Citizen to produce list run safe figure.
137,29,13,25636.04,8,1660970797,benchmark real-time supply-chains,Art practice stock detail. Plant nature day then interest amount understand.
138,30,11,24172.00,8,1647349928,envisioneer extensible markets,Person choose order.
139,29,11,11091.60,8,1662965225,visualize strategic applications,Way night somebody.
140,30,12,5035.90,8,1657243362,optimize one-to-one solutions,Item boy response knowledge may thousand music.
141,30,13,9056.47,8,1655951902,drive cutting-edge mindshare,Phone when room network.
142,29,13,6177.93,8,1661407807,generate enterprise relationships,No occur hotel fill not before. If since hair exist good health account central.
143,30,11,48534.87,8,1657818487,scale best-of-breed experiences,Break majority low call.
144,31,11,17088.17,8,1656268794,cultivate revolutionary ROI,Customer plan maybe manager place fly. Pay real good human.
145,29,12,6759.35,8,1660884564,revolutionize integrated schemas,Point discuss almost. Mr sing city energy season environment.
146,29,11,5214.42,8,1654294877,visualize next-generation synergies,Pretty wish standard single conference.
147,29,11,24202.67,8,1650457101,whiteboard one-to-one communities,The particular available expect really. Election air parent.
148,30,11,21587.22,8,1654268013,matrix wireless e-services,Stand trip all myself tax country then. Or which white get bring society industry.
149,31,12,12192.61,8,1650109401,cultivate bleeding-edge methodologies,Share address than could security including. Class quickly high know whether result.
150,30,13,49080.27,8,1653758521,morph innovative communities,Feeling write continue. Economy huge miss population.
151,31,12,20999.68,8,1647409991,drive cutting-edge models,Economy fire education expect. Message matter position water data evening prevent image.
152,33,15,2375.02,9,1659102707,deploy strategic niches,Manage special way.
153,36,15,22916.70,10,1651110966,syndicate visionary schemas,Continue onto agent green film at best small. Pick work market suffer team word major.
154,34,15,16539.62,9,1659781962,facilitate magnetic paradigms,Enough spend practice organization fill can cause. Value create agree likely.
155,35,15,37595.67,9,1654610494,streamline global functionalities,Career election few turn think tree amount. Think person body price.
156,37,15,38018.46,10,1648579258,reinvent clicks-and-mortar web services,Identify degree individual environment main protect. Certainly special seven physical court author.
157,38,15,8968.59,9,1653519085,harness bricks-and-clicks technologies,Early leave camera future despite child. Only know fish beautiful firm evening green.
158,39,15,46749.14,9,1655101693,embrace enterprise vortals,Four seven ability probably few. College newspaper little drive.
159,35,15,46727.67,10,1655152320,productize back-end platforms,Season hospital machine cell cell TV.
160,37,15,9908.80,10,1654756779,embrace wireless metrics,Bank oil describe section few.
161,37,14,26408.22,10,1653291950,mesh customized niches,Company speak end time trouble stay beat PM. Put lay too strong forward interesting.
162,40,17,19810.58,13,1662759956,exploit leading-edge channels,Matter upon assume trouble. Its guess different follow current pay.
163,40,16,20608.84,11,1658813803,synthesize cross-platform applications,Worry there similar adult range true even. Nature street find community any morning more.
164,40,16,40151.72,13,1648920391,incubate enterprise e-markets,Somebody dinner former manager mind scene ago scene. Ability no affect catch.
165,40,17,7168.07,11,1654697915,harness extensible web services,Push serve rule thus.
166,40,17,23582.49,13,1650552361,visualize out-of-the-box e-markets,Rest others development account knowledge action.
167,40,17,10057.99,11,1655997059,aggregate innovative applications,Seek third since laugh model make.
168,40,17,17447.66,12,1655549534,cultivate seamless systems,Husband friend idea thus exactly recent. Subject research sell idea school.
169,40,16,44724.16,12,1654742270,redefine virtual info-mediaries,Person understand back use.
170,40,18,32938.64,11,1647595611,leverage viral web services,Loss easy why break. Middle reflect yes.
171,40,16,48916.92,13,1650606519,transform global eyeballs,Position hand benefit major friend. Data difference others know expert cell style.
172,40,16,6261.95,11,1658716075,productize dynamic channels,Every put college would from.
173,40,18,6556.96,11,1649437795,evolve impactful synergies,Gas this sort unit operation.
174,46,19,21509.08,14,1656154398,syndicate rich content,The arrive former within night want.
175,43,20,407.79,16,1659364326,whiteboard granular eyeballs,Front season suddenly really social standard even. Ahead teach speak lay born.
176,41,19,19698.42,14,1657218787,monetize B2C models,Participant traditional increase. Federal condition officer.
177,45,20,10267.10,16,1654518899,deploy customized users,Start fund reality no work collection.
178,43,20,5402.11,14,1647342583,incentivize one-to-one solutions,Agree tax form great education. See we find knowledge treatment development serious.
179,46,19,48822.60,15,1652534750,implement impactful supply-chains,Give song computer respond current wife budget.
180,41,20,48235.48,15,1652209890,orchestrate seamless portals,Ten agree weight statement. Unit in baby notice.
181,46,20,35107.08,16,1659976609,architect world-class systems,Some significant specific city paper part them just. Degree article available possible order.
182,47,20,11228.63,15,1648229027,engineer 24/365 deliverables,Scientist nothing change suffer space a would.
183,42,20,21915.83,16,1659657302,monetize magnetic applications,Off government forget.
184,45,20,18347.98,15,1648765390,seize mission-critical content,Goal rich study others. Across do issue let spend compare.
185,44,20,37545.58,14,1651224253,incubate innovative experiences,Something camera himself.
186,47,19,11485.93,16,1659607081,enhance sticky web-readiness,If executive success ago five information.
187,49,19,13172.65,14,1656054402,exploit synergistic metrics,Indeed message picture.
188,42,19,13105.43,15,1651109040,target viral networks,Along budget serious form fight.
189,48,20,9429.23,15,1660589134,maximize next-generation niches,Something book notice society truth class.
190,48,20,24903.28,16,1653397675,deploy integrated channels,Kind performance sport try poor modern democratic human. Occur back book they field.
191,45,20,20915.14,16,1654381789,enable viral users,Actually small case middle resource. Establish indicate very art eat entire front bit.
192,42,20,17569.62,16,1653706664,disintermediate distributed markets,Grow crime future drop.
193,46,20,13058.24,15,1660763491,innovate enterprise initiatives,Professor wife get hospital theory. Movement rate effect.
194,46,20,46478.25,16,1655891054,deliver seamless infrastructures,Wish purpose good challenge business rule sometimes.
195,47,20,49729.37,16,1648440610,reinvent holistic technologies,Oil drive local cover interview us up.
196,48,19,6769.17,15,1649453508,target cross-media mindshare,Value leave should five.
197,48,19,39956.39,16,1651447962,syndicate B2B technologies,Ready at order attention both hour.
198,49,20,19128.80,14,1654437463,transform cutting-edge functionalities,Woman travel not identify score. Happy thought early president board bring painting.
199,43,19,19395.45,15,1657203285,synthesize interactive e-commerce,Out cost game set test friend bill fire.
200,44,19,16244.13,14,1649721900,extend sticky methodologies,Past two management friend pattern decade plant. Else represent detail open future rich.
201,49,19,48811.89,15,1652941997,productize innovative systems,Provide keep remember.
202,46,19,49993.42,14,1650435220,morph visionary web-readiness,Point spring room with travel responsibility. Admit who ok final soldier.
203,43,19,1442.69,15,1660880519,iterate 24/7 vortals,Century strong anything trial factor culture.
204,48,20,42928.46,15,1660818267,incentivize strategic e-services,Popular receive expert assume every walk. Civil tree action tend coach.
205,41,19,44549.06,16,1658800281,evolve out-of-the-box markets,Many fine so say movie.
206,44,20,42893.98,14,1662781813,scale rich e-business,During scientist white. Cell among nice operation.
207,49,20,47613.78,14,1661989479,brand ubiquitous experiences,Add pattern player personal which reflect. Camera federal family I miss.
208,49,19,3295.58,14,1652572697,maximize interactive interfaces,Production scene start of wind white message.
209,42,20,29636.57,16,1662959508,transform extensible vortals,Tend sea speak subject yet forget.
210,47,20,38590.13,14,1649922137,engage 24/365 networks,Adult see body.
211,44,20,43643.02,16,1649406874,synthesize web-enabled niches,Six enough war husband land. Fill address teach simply wait similar blood.
212,50,22,45447.11,18,1656360541,orchestrate integrated bandwidth,Everything true water short report necessary.
213,50,22,29775.59,18,1660051178,morph collaborative platforms,Need simply growth television.
214,50,21,23591.07,19,1651404632,synergize cross-platform ROI,And mean five establish per floor world.
215,50,22,22874.02,19,1658592893,exploit customized e-business,Together far enough ability citizen girl.
216,50,23,15290.14,17,1662005383,cultivate scalable architectures,Position out already agent actually whose. Recent let receive scene no.
217,50,23,17323.13,19,1656422706,enable leading-edge synergies,Modern simple ok soon four once.
218,50,21,17399.42,18,1657340521,enhance scalable deliverables,Model adult stand five modern there.
219,50,23,46893.94,19,1650292342,embrace interactive web-readiness,Change resource occur music item land. Although well far summer.
220,51,24,22388.80,20,1661966050,empower bleeding-edge interfaces,Teach short water career.
221,52,25,39228.42,21,1661618782,productize frictionless web-readiness,Various watch choice cause natural imagine affect.
222,52,24,18888.44,20,1661569895,revolutionize vertical action-items,Happen show garden. Put he ask could water offer son.
223,51,24,13946.67,20,1660017133,reinvent global mindshare,Old nice per pattern group life.
224,52,24,29271.23,21,1651014854,strategize next-generation relationships,Change talk conference language ball someone.
